,db_name,full_path,age
0,FGNET,011A14.JPG,14
1,FGNET,030A10.JPG,10
2,FGNET,080A13.JPG,13
3,FGNET,028A46.JPG,46
4,FGNET,042A00.JPG,0
5,FGNET,066A02b.JPG,2
6,FGNET,025A12.JPG,12
7,FGNET,004A63.JPG,63
8,FGNET,022A27.JPG,27
9,FGNET,034A13.JPG,13
10,FGNET,061A06.JPG,6
11,FGNET,038A03.JPG,3
12,FGNET,021A30.JPG,30
13,FGNET,009A16b.JPG,16
14,FGNET,020A11.JPG,11
15,FGNET,020A22.JPG,22
16,FGNET,068A04.JPG,4
17,FGNET,033A44.JPG,44
18,FGNET,078A02.JPG,2
19,FGNET,073A04.JPG,4
20,FGNET,069A04.JPG,4
21,FGNET,005A30.JPG,30
22,FGNET,039A50.JPG,50
23,FGNET,031A03.JPG,3
24,FGNET,033A10.JPG,10
25,FGNET,072A17.JPG,17
26,FGNET,035A07.JPG,7
27,FGNET,002A29.JPG,29
28,FGNET,062A15.JPG,15
29,FGNET,071A00.JPG,0
30,FGNET,024A10.JPG,10
31,FGNET,005A40.JPG,40
32,FGNET,038A04.JPG,4
33,FGNET,066A07.JPG,7
34,FGNET,071A27.JPG,27
35,FGNET,016A04.JPG,4
36,FGNET,046A14.JPG,14
37,FGNET,049A12.JPG,12
38,FGNET,039A07.JPG,7
39,FGNET,047A11.JPG,11
40,FGNET,082A31.JPG,31
41,FGNET,018A22.JPG,22
42,FGNET,013A21.JPG,21
43,FGNET,035A23a.JPG,23
44,FGNET,048A11.JPG,11
45,FGNET,081A08.JPG,8
46,FGNET,022A20.JPG,20
47,FGNET,025A03.JPG,3
48,FGNET,026A19.JPG,19
49,FGNET,022A26.JPG,26
50,FGNET,053A08.JPG,8
51,FGNET,058A10.JPG,10
52,FGNET,042A20.JPG,20
53,FGNET,047A12.JPG,12
54,FGNET,021A35.JPG,35
55,FGNET,071A24.JPG,24
56,FGNET,080A04.JPG,4
57,FGNET,032A06.JPG,6
58,FGNET,021A23.JPG,23
59,FGNET,058A01.JPG,1
60,FGNET,026A11.JPG,11
61,FGNET,036A17.JPG,17
62,FGNET,021A39.JPG,39
63,FGNET,035A00.JPG,0
64,FGNET,004A21.JPG,21
65,FGNET,045A08.JPG,8
66,FGNET,076A14.JPG,14
67,FGNET,074A13.JPG,13
68,FGNET,023A16.JPG,16
69,FGNET,074A09.JPG,9
70,FGNET,043A23.JPG,23
71,FGNET,013A18.JPG,18
72,FGNET,003A25.JPG,25
73,FGNET,027A02.JPG,2
74,FGNET,071A40.JPG,40
75,FGNET,070A12.JPG,12
76,FGNET,066A06a.JPG,6
77,FGNET,048A54.JPG,54
78,FGNET,033A18.JPG,18
79,FGNET,071A44.JPG,44
80,FGNET,029A20.JPG,20
81,FGNET,058A17.JPG,17
82,FGNET,001A18.JPG,18
83,FGNET,077A04.JPG,4
84,FGNET,041A20.JPG,20
85,FGNET,023A14.JPG,14
86,FGNET,038A10.JPG,10
87,FGNET,078A08.JPG,8
88,FGNET,066A09.JPG,9
89,FGNET,043A13.JPG,13
90,FGNET,039A45.JPG,45
91,FGNET,014A03.JPG,3
92,FGNET,043A03.JPG,3
93,FGNET,052A10.JPG,10
94,FGNET,076A00.JPG,0
95,FGNET,018A36.JPG,36
96,FGNET,027A25.JPG,25
97,FGNET,001A19.JPG,19
98,FGNET,082A00.JPG,0
99,FGNET,039A13.JPG,13
100,FGNET,006A31.JPG,31
101,FGNET,063A04.JPG,4
102,FGNET,013A08.JPG,8
103,FGNET,022A23.JPG,23
104,FGNET,066A02a.JPG,2
105,FGNET,082A03.JPG,3
106,FGNET,051A00.JPG,0
107,FGNET,015A07.JPG,7
108,FGNET,006A61.JPG,61
109,FGNET,077A06.JPG,6
110,FGNET,028A28.JPG,28
111,FGNET,059A12.JPG,12
112,FGNET,040A05.JPG,5
113,FGNET,012A21.JPG,21
114,FGNET,034A04.JPG,4
115,FGNET,018A33.JPG,33
116,FGNET,080A12.JPG,12
117,FGNET,006A69.JPG,69
118,FGNET,071A42.JPG,42
119,FGNET,066A03.JPG,3
120,FGNET,040A21.JPG,21
121,FGNET,065A10.JPG,10
122,FGNET,028A35.JPG,35
123,FGNET,016A18.JPG,18
124,FGNET,025A18.JPG,18
125,FGNET,047A23.JPG,23
126,FGNET,042A28.JPG,28
127,FGNET,010A04.JPG,4
128,FGNET,038A34.JPG,34
129,FGNET,078A10.JPG,10
130,FGNET,067A04.JPG,4
131,FGNET,025A00.JPG,0
132,FGNET,026A00.JPG,0
133,FGNET,072A27.JPG,27
134,FGNET,023A09.JPG,9
135,FGNET,029A11.JPG,11
136,FGNET,072A19.JPG,19
137,FGNET,040A03b.JPG,3
138,FGNET,007A39.JPG,39
139,FGNET,050A16.JPG,16
140,FGNET,027A20.JPG,20
141,FGNET,076A09.JPG,9
142,FGNET,069A05.JPG,5
143,FGNET,038A00.JPG,0
144,FGNET,021A11.JPG,11
145,FGNET,074A01.JPG,1
146,FGNET,069A10.JPG,10
147,FGNET,042A18.JPG,18
148,FGNET,077A02.JPG,2
149,FGNET,061A07.JPG,7
150,FGNET,054A12.JPG,12
151,FGNET,051A14.JPG,14
152,FGNET,026A07.JPG,7
153,FGNET,074A15.JPG,15
154,FGNET,060A04.JPG,4
155,FGNET,005A61.JPG,61
156,FGNET,007A22.JPG,22
157,FGNET,080A00.JPG,0
158,FGNET,029A16.JPG,16
159,FGNET,052A14.JPG,14
160,FGNET,039A52.JPG,52
161,FGNET,015A10.JPG,10
162,FGNET,018A18.JPG,18
163,FGNET,080A09.JPG,9
164,FGNET,022A11.JPG,11
165,FGNET,061A15.JPG,15
166,FGNET,011A05.JPG,5
167,FGNET,002A26.JPG,26
168,FGNET,065A11.JPG,11
169,FGNET,002A31.JPG,31
170,FGNET,071A18.JPG,18
171,FGNET,067A21.JPG,21
172,FGNET,024A17.JPG,17
173,FGNET,073A09.JPG,9
174,FGNET,011A40.JPG,40
175,FGNET,003A58.JPG,58
176,FGNET,081A10.JPG,10
177,FGNET,004A28.JPG,28
178,FGNET,024A23.JPG,23
179,FGNET,027A16.JPG,16
180,FGNET,030A04.JPG,4
181,FGNET,054A11.JPG,11
182,FGNET,080A08.JPG,8
183,FGNET,078A01.JPG,1
184,FGNET,035A12.JPG,12
185,FGNET,005A31.JPG,31
186,FGNET,062A38.JPG,38
187,FGNET,031A09.JPG,9
188,FGNET,024A07.JPG,7
189,FGNET,047A05.JPG,5
190,FGNET,082A20.JPG,20
191,FGNET,045A12.JPG,12
192,FGNET,058A15.JPG,15
193,FGNET,054A16.JPG,16
194,FGNET,049A06.JPG,6
195,FGNET,017A22.JPG,22
196,FGNET,067A23.JPG,23
197,FGNET,048A17.JPG,17
198,FGNET,054A13.JPG,13
199,FGNET,013A30.JPG,30
200,FGNET,051A05.JPG,5
201,FGNET,075A05.JPG,5
202,FGNET,045A03.JPG,3
203,FGNET,062A30.JPG,30
204,FGNET,050A22.JPG,22
205,FGNET,070A03.JPG,3
206,FGNET,008A30.JPG,30
207,FGNET,047A06.JPG,6
208,FGNET,052A04.JPG,4
209,FGNET,062A53.JPG,53
210,FGNET,069A09.JPG,9
211,FGNET,048A27.JPG,27
212,FGNET,081A02.JPG,2
213,FGNET,068A12.JPG,12
214,FGNET,034A35.JPG,35
215,FGNET,019A07.JPG,7
216,FGNET,014A18.JPG,18
217,FGNET,038A21.JPG,21
218,FGNET,050A03.JPG,3
219,FGNET,007A18.JPG,18
220,FGNET,074A14.JPG,14
221,FGNET,079A02.JPG,2
222,FGNET,001A29.JPG,29
223,FGNET,073A07.JPG,7
224,FGNET,039A17.JPG,17
225,FGNET,006A42.JPG,42
226,FGNET,035A09.JPG,9
227,FGNET,009A13.JPG,13
228,FGNET,074A00.JPG,0
229,FGNET,045A18.JPG,18
230,FGNET,077A00.JPG,0
231,FGNET,051A16.JPG,16
232,FGNET,047A20.JPG,20
233,FGNET,003A20.JPG,20
234,FGNET,046A04.JPG,4
235,FGNET,052A07.JPG,7
236,FGNET,067A30.JPG,30
237,FGNET,012A14.JPG,14
238,FGNET,053A00.JPG,0
239,FGNET,052A20.JPG,20
240,FGNET,053A04.JPG,4
241,FGNET,060A10.JPG,10
242,FGNET,015A09.JPG,9
243,FGNET,061A19.JPG,19
244,FGNET,007A37.JPG,37
245,FGNET,043A10.JPG,10
246,FGNET,009A22b.JPG,22
247,FGNET,011A07.JPG,7
248,FGNET,015A01.JPG,1
249,FGNET,051A15.JPG,15
250,FGNET,067A39.JPG,39
251,FGNET,038A08.JPG,8
252,FGNET,044A07.JPG,7
253,FGNET,055A23.JPG,23
254,FGNET,017A07.JPG,7
255,FGNET,002A15.JPG,15
256,FGNET,081A06.JPG,6
257,FGNET,004A37.JPG,37
258,FGNET,017A42.JPG,42
259,FGNET,033A14.JPG,14
260,FGNET,033A30.JPG,30
261,FGNET,056A03.JPG,3
262,FGNET,044A01.JPG,1
263,FGNET,058A05.JPG,5
264,FGNET,077A12.JPG,12
265,FGNET,024A25.JPG,25
266,FGNET,033A39.JPG,39
267,FGNET,065A03b.JPG,3
268,FGNET,018A06.JPG,6
269,FGNET,065A06a.JPG,6
270,FGNET,006A28.JPG,28
271,FGNET,080A02.JPG,2
272,FGNET,037A06.JPG,6
273,FGNET,047A15.JPG,15
274,FGNET,019A27.JPG,27
275,FGNET,079A11.JPG,11
276,FGNET,005A48.JPG,48
277,FGNET,076A15.JPG,15
278,FGNET,068A09.JPG,9
279,FGNET,048A52.JPG,52
280,FGNET,052A17.JPG,17
281,FGNET,071A23.JPG,23
282,FGNET,076A17.JPG,17
283,FGNET,037A11.JPG,11
284,FGNET,011A30.JPG,30
285,FGNET,079A04.JPG,4
286,FGNET,073A06.JPG,6
287,FGNET,060A02.JPG,2
288,FGNET,072A02.JPG,2
289,FGNET,053A02.JPG,2
290,FGNET,068A03.JPG,3
291,FGNET,005A45.JPG,45
292,FGNET,045A28.JPG,28
293,FGNET,035A03.JPG,3
294,FGNET,002A36.JPG,36
295,FGNET,002A23.JPG,23
296,FGNET,065A12.JPG,12
297,FGNET,004A26.JPG,26
298,FGNET,073A00.JPG,0
299,FGNET,010A18.JPG,18
300,FGNET,078A03.JPG,3
301,FGNET,067A33.JPG,33
302,FGNET,020A26.JPG,26
303,FGNET,081A11.JPG,11
304,FGNET,067A14.JPG,14
305,FGNET,028A16.JPG,16
306,FGNET,061A10.JPG,10
307,FGNET,039A10.JPG,10
308,FGNET,059A02b.JPG,2
309,FGNET,012A12.JPG,12
310,FGNET,057A25.JPG,25
311,FGNET,081A12.JPG,12
312,FGNET,072A11.JPG,11
313,FGNET,048A46.JPG,46
314,FGNET,040A14.JPG,14
315,FGNET,037A01.JPG,1
316,FGNET,017A32.JPG,32
317,FGNET,082A22.JPG,22
318,FGNET,030A20.JPG,20
319,FGNET,046A00.JPG,0
320,FGNET,060A17.JPG,17
321,FGNET,015A14.JPG,14
322,FGNET,015A04.JPG,4
323,FGNET,080A05.JPG,5
324,FGNET,075A02.JPG,2
325,FGNET,055A08.JPG,8
326,FGNET,070A00.JPG,0
327,FGNET,071A35.JPG,35
328,FGNET,041A19.JPG,19
329,FGNET,061A32.JPG,32
330,FGNET,046A08.JPG,8
331,FGNET,036A11.JPG,11
332,FGNET,010A06.JPG,6
333,FGNET,065A02a.JPG,2
334,FGNET,026A15.JPG,15
335,FGNET,069A13.JPG,13
336,FGNET,027A13.JPG,13
337,FGNET,060A08.JPG,8
338,FGNET,014A42.JPG,42
339,FGNET,006A46.JPG,46
340,FGNET,033A05.JPG,5
341,FGNET,053A12.JPG,12
342,FGNET,019A05.JPG,5
343,FGNET,016A14.JPG,14
344,FGNET,078A04.JPG,4
345,FGNET,012A26.JPG,26
346,FGNET,010A07b.JPG,7
347,FGNET,002A04.JPG,4
348,FGNET,042A08.JPG,8
349,FGNET,008A12.JPG,12
350,FGNET,070A14.JPG,14
351,FGNET,014A40.JPG,40
352,FGNET,048A10.JPG,10
353,FGNET,058A00.JPG,0
354,FGNET,022A18.JPG,18
355,FGNET,048A33.JPG,33
356,FGNET,077A09.JPG,9
357,FGNET,016A08.JPG,8
358,FGNET,074A07.JPG,7
359,FGNET,047A09.JPG,9
360,FGNET,011A34.JPG,34
361,FGNET,030A16.JPG,16
362,FGNET,004A48.JPG,48
363,FGNET,073A13.JPG,13
364,FGNET,065A07b.JPG,7
365,FGNET,063A18.JPG,18
366,FGNET,047A13.JPG,13
367,FGNET,073A16.JPG,16
368,FGNET,077A10.JPG,10
369,FGNET,035A14.JPG,14
370,FGNET,009A00.JPG,0
371,FGNET,036A13.JPG,13
372,FGNET,001A40.JPG,40
373,FGNET,073A15.JPG,15
374,FGNET,044A25.JPG,25
375,FGNET,021A05.JPG,5
376,FGNET,039A15.JPG,15
377,FGNET,068A10b.JPG,10
378,FGNET,019A03.JPG,3
379,FGNET,016A07.JPG,7
380,FGNET,004A53.JPG,53
381,FGNET,005A18.JPG,18
382,FGNET,002A38.JPG,38
383,FGNET,068A00.JPG,0
384,FGNET,001A22.JPG,22
385,FGNET,030A17.JPG,17
386,FGNET,024A30.JPG,30
387,FGNET,021A16.JPG,16
388,FGNET,015A17.JPG,17
389,FGNET,078A15.JPG,15
390,FGNET,014A30.JPG,30
391,FGNET,081A03.JPG,3
392,FGNET,048A50.JPG,50
393,FGNET,036A00.JPG,0
394,FGNET,020A24.JPG,24
395,FGNET,060A05.JPG,5
396,FGNET,020A18.JPG,18
397,FGNET,076A05.JPG,5
398,FGNET,065A13.JPG,13
399,FGNET,016A05.JPG,5
400,FGNET,050A00.JPG,0
401,FGNET,014A16.JPG,16
402,FGNET,011A11.JPG,11
403,FGNET,076A16.JPG,16
404,FGNET,063A20.JPG,20
405,FGNET,027A18.JPG,18
406,FGNET,075A06.JPG,6
407,FGNET,040A06.JPG,6
408,FGNET,030A23.JPG,23
409,FGNET,076A03.JPG,3
410,FGNET,015A00.JPG,0
411,FGNET,081A07.JPG,7
412,FGNET,073A12.JPG,12
413,FGNET,051A18.JPG,18
414,FGNET,027A22.JPG,22
415,FGNET,050A14.JPG,14
416,FGNET,003A38.JPG,38
417,FGNET,001A43a.JPG,43
418,FGNET,033A02.JPG,2
419,FGNET,043A17.JPG,17
420,FGNET,068A10a.JPG,10
421,FGNET,010A01.JPG,1
422,FGNET,037A09.JPG,9
423,FGNET,016A12.JPG,12
424,FGNET,025A23.JPG,23
425,FGNET,067A26.JPG,26
426,FGNET,045A40.JPG,40
427,FGNET,036A05.JPG,5
428,FGNET,071A43.JPG,43
429,FGNET,063A25.JPG,25
430,FGNET,006A24.JPG,24
431,FGNET,008A21.JPG,21
432,FGNET,062A47.JPG,47
433,FGNET,063A00.JPG,0
434,FGNET,028A14.JPG,14
435,FGNET,028A37.JPG,37
436,FGNET,068A11.JPG,11
437,FGNET,079A07.JPG,7
438,FGNET,071A22.JPG,22
439,FGNET,046A18.JPG,18
440,FGNET,032A20.JPG,20
441,FGNET,078A11.JPG,11
442,FGNET,066A06b.JPG,6
443,FGNET,080A14.JPG,14
444,FGNET,049A08.JPG,8
445,FGNET,042A06.JPG,6
446,FGNET,068A13.JPG,13
447,FGNET,062A18.JPG,18
448,FGNET,080A06.JPG,6
449,FGNET,075A11.JPG,11
450,FGNET,035A23b.JPG,23
451,FGNET,080A01.JPG,1
452,FGNET,016A03.JPG,3
453,FGNET,028A18.JPG,18
454,FGNET,060A20.JPG,20
455,FGNET,046A16.JPG,16
456,FGNET,012A34.JPG,34
457,FGNET,013A41.JPG,41
458,FGNET,022A07.JPG,7
459,FGNET,048A09.JPG,9
460,FGNET,054A00.JPG,0
461,FGNET,045A32.JPG,32
462,FGNET,064A15.JPG,15
463,FGNET,047A55.JPG,55
464,FGNET,057A05.JPG,5
465,FGNET,044A13.JPG,13
466,FGNET,031A15.JPG,15
467,FGNET,081A05.JPG,5
468,FGNET,018A28.JPG,28
469,FGNET,074A11.JPG,11
470,FGNET,009A05.JPG,5
471,FGNET,050A06.JPG,6
472,FGNET,038A01.JPG,1
473,FGNET,040A16.JPG,16
474,FGNET,042A01.JPG,1
475,FGNET,022A00.JPG,0
476,FGNET,035A01.JPG,1
477,FGNET,004A30.JPG,30
478,FGNET,027A30.JPG,30
479,FGNET,038A23.JPG,23
480,FGNET,008A17.JPG,17
481,FGNET,030A05.JPG,5
482,FGNET,023A05.JPG,5
483,FGNET,056A02.JPG,2
484,FGNET,056A04.JPG,4
485,FGNET,010A07a.JPG,7
486,FGNET,027A41.JPG,41
487,FGNET,024A18.JPG,18
488,FGNET,028A20.JPG,20
489,FGNET,036A19.JPG,19
490,FGNET,049A16.JPG,16
491,FGNET,039A05.JPG,5
492,FGNET,006A55.JPG,55
493,FGNET,062A16.JPG,16
494,FGNET,062A45.JPG,45
495,FGNET,075A01.JPG,1
496,FGNET,008A31.JPG,31
497,FGNET,017A05.JPG,5
498,FGNET,063A22.JPG,22
499,FGNET,001A43b.JPG,43
500,FGNET,059A04.JPG,4
501,FGNET,008A33.JPG,33
502,FGNET,023A29.JPG,29
503,FGNET,001A02.JPG,2
504,FGNET,082A16.JPG,16
505,FGNET,046A06.JPG,6
506,FGNET,076A10.JPG,10
507,FGNET,081A04.JPG,4
508,FGNET,008A08.JPG,8
509,FGNET,069A03.JPG,3
510,FGNET,080A07.JPG,7
511,FGNET,026A04.JPG,4
512,FGNET,077A15.JPG,15
513,FGNET,037A17.JPG,17
514,FGNET,042A10.JPG,10
515,FGNET,013A44.JPG,44
516,FGNET,055A22.JPG,22
517,FGNET,079A10.JPG,10
518,FGNET,041A13.JPG,13
519,FGNET,029A23.JPG,23
520,FGNET,022A30.JPG,30
521,FGNET,081A01.JPG,1
522,FGNET,012A04.JPG,4
523,FGNET,048A49.JPG,49
524,FGNET,034A15.JPG,15
525,FGNET,079A13.JPG,13
526,FGNET,012A27.JPG,27
527,FGNET,060A06.JPG,6
528,FGNET,052A02.JPG,2
529,FGNET,041A02.JPG,2
530,FGNET,039A16.JPG,16
531,FGNET,054A17.JPG,17
532,FGNET,015A19.JPG,19
533,FGNET,005A35.JPG,35
534,FGNET,034A25.JPG,25
535,FGNET,016A19.JPG,19
536,FGNET,032A35.JPG,35
537,FGNET,021A18.JPG,18
538,FGNET,066A10.JPG,10
539,FGNET,008A16.JPG,16
540,FGNET,064A01.JPG,1
541,FGNET,009A11.JPG,11
542,FGNET,079A06.JPG,6
543,FGNET,002A05.JPG,5
544,FGNET,060A12.JPG,12
545,FGNET,080A10.JPG,10
546,FGNET,031A12.JPG,12
547,FGNET,040A07.JPG,7
548,FGNET,034A21.JPG,21
549,FGNET,074A08.JPG,8
550,FGNET,077A07.JPG,7
551,FGNET,069A00.JPG,0
552,FGNET,061A17.JPG,17
553,FGNET,029A01.JPG,1
554,FGNET,029A13.JPG,13
555,FGNET,045A25.JPG,25
556,FGNET,041A00.JPG,0
557,FGNET,044A17.JPG,17
558,FGNET,066A11.JPG,11
559,FGNET,069A07.JPG,7
560,FGNET,025A39.JPG,39
561,FGNET,001A14.JPG,14
562,FGNET,023A00.JPG,0
563,FGNET,078A06.JPG,6
564,FGNET,072A29.JPG,29
565,FGNET,029A10.JPG,10
566,FGNET,031A14.JPG,14
567,FGNET,054A02.JPG,2
568,FGNET,009A22a.JPG,22
569,FGNET,063A02.JPG,2
570,FGNET,020A13.JPG,13
571,FGNET,078A14.JPG,14
572,FGNET,070A05.JPG,5
573,FGNET,007A26.JPG,26
574,FGNET,016A01.JPG,1
575,FGNET,038A11.JPG,11
576,FGNET,082A25.JPG,25
577,FGNET,061A04.JPG,4
578,FGNET,019A00.JPG,0
579,FGNET,041A24.JPG,24
580,FGNET,016A10.JPG,10
581,FGNET,044A21.JPG,21
582,FGNET,011A42.JPG,42
583,FGNET,009A14.JPG,14
584,FGNET,049A05.JPG,5
585,FGNET,025A34.JPG,34
586,FGNET,043A15.JPG,15
587,FGNET,075A03.JPG,3
588,FGNET,040A00.JPG,0
589,FGNET,073A03.JPG,3
590,FGNET,037A04.JPG,4
591,FGNET,010A12.JPG,12
592,FGNET,075A00.JPG,0
593,FGNET,003A61.JPG,61
594,FGNET,029A31.JPG,31
595,FGNET,002A16.JPG,16
596,FGNET,002A21.JPG,21
597,FGNET,062A54.JPG,54
598,FGNET,021A20.JPG,20
599,FGNET,064A03.JPG,3
600,FGNET,048A15.JPG,15
601,FGNET,046A10.JPG,10
602,FGNET,059A03.JPG,3
603,FGNET,029A22.JPG,22
604,FGNET,046A02.JPG,2
605,FGNET,038A17.JPG,17
606,FGNET,043A19.JPG,19
607,FGNET,058A06.JPG,6
608,FGNET,024A05.JPG,5
609,FGNET,009A18.JPG,18
610,FGNET,064A10.JPG,10
611,FGNET,079A01.JPG,1
612,FGNET,048A00.JPG,0
613,FGNET,056A01.JPG,1
614,FGNET,056A15.JPG,15
615,FGNET,056A06.JPG,6
616,FGNET,033A21.JPG,21
617,FGNET,007A38.JPG,38
618,FGNET,019A30.JPG,30
619,FGNET,032A28.JPG,28
620,FGNET,049A04.JPG,4
621,FGNET,007A45.JPG,45
622,FGNET,008A35.JPG,35
623,FGNET,010A15.JPG,15
624,FGNET,040A10.JPG,10
625,FGNET,049A17.JPG,17
626,FGNET,023A22.JPG,22
627,FGNET,071A45.JPG,45
628,FGNET,014A12.JPG,12
629,FGNET,021A03.JPG,3
630,FGNET,078A13.JPG,13
631,FGNET,019A12.JPG,12
632,FGNET,024A00.JPG,0
633,FGNET,027A11.JPG,11
634,FGNET,026A18.JPG,18
635,FGNET,082A18.JPG,18
636,FGNET,061A29.JPG,29
637,FGNET,058A04.JPG,4
638,FGNET,053A06.JPG,6
639,FGNET,034A39.JPG,39
640,FGNET,034A30.JPG,30
641,FGNET,032A33.JPG,33
642,FGNET,034A18.JPG,18
643,FGNET,055A05.JPG,5
644,FGNET,032A13.JPG,13
645,FGNET,002A20.JPG,20
646,FGNET,070A08.JPG,8
647,FGNET,019A18.JPG,18
648,FGNET,030A26.JPG,26
649,FGNET,067A28.JPG,28
650,FGNET,050A10.JPG,10
651,FGNET,013A34.JPG,34
652,FGNET,030A18.JPG,18
653,FGNET,060A19.JPG,19
654,FGNET,054A06.JPG,6
655,FGNET,053A15.JPG,15
656,FGNET,052A13.JPG,13
657,FGNET,001A08.JPG,8
658,FGNET,031A19.JPG,19
659,FGNET,076A11.JPG,11
660,FGNET,017A29.JPG,29
661,FGNET,046A12.JPG,12
662,FGNET,003A18.JPG,18
663,FGNET,044A03.JPG,3
664,FGNET,054A10.JPG,10
665,FGNET,058A13.JPG,13
666,FGNET,049A10.JPG,10
667,FGNET,037A13.JPG,13
668,FGNET,065A04.JPG,4
669,FGNET,034A16.JPG,16
670,FGNET,072A41.JPG,41
671,FGNET,010A10.JPG,10
672,FGNET,041A04.JPG,4
673,FGNET,011A17.JPG,17
674,FGNET,024A28.JPG,28
675,FGNET,076A07.JPG,7
676,FGNET,040A09.JPG,9
677,FGNET,080A03.JPG,3
678,FGNET,076A02.JPG,2
679,FGNET,006A51.JPG,51
680,FGNET,022A25.JPG,25
681,FGNET,046A17.JPG,17
682,FGNET,002A12.JPG,12
683,FGNET,051A02.JPG,2
684,FGNET,074A04.JPG,4
685,FGNET,041A21.JPG,21
686,FGNET,038A14.JPG,14
687,FGNET,012A23.JPG,23
688,FGNET,076A06.JPG,6
689,FGNET,015A03.JPG,3
690,FGNET,036A15.JPG,15
691,FGNET,059A02a.JPG,2
692,FGNET,036A06.JPG,6
693,FGNET,028A41.JPG,41
694,FGNET,081A00.JPG,0
695,FGNET,045A06.JPG,6
696,FGNET,006A67.JPG,67
697,FGNET,054A19.JPG,19
698,FGNET,005A24.JPG,24
699,FGNET,005A49.JPG,49
700,FGNET,017A38.JPG,38
701,FGNET,028A26.JPG,26
702,FGNET,011A27.JPG,27
703,FGNET,037A00.JPG,0
704,FGNET,035A08.JPG,8
705,FGNET,073A01.JPG,1
706,FGNET,073A08.JPG,8
707,FGNET,053A01.JPG,1
708,FGNET,058A03.JPG,3
709,FGNET,013A16.JPG,16
710,FGNET,008A03.JPG,3
711,FGNET,055A06.JPG,6
712,FGNET,013A00.JPG,0
713,FGNET,016A17.JPG,17
714,FGNET,049A15.JPG,15
715,FGNET,041A09.JPG,9
716,FGNET,001A16.JPG,16
717,FGNET,058A02.JPG,2
718,FGNET,011A13.JPG,13
719,FGNET,074A05.JPG,5
720,FGNET,077A16.JPG,16
721,FGNET,025A28.JPG,28
722,FGNET,036A20.JPG,20
723,FGNET,078A05.JPG,5
724,FGNET,065A02b.JPG,2
725,FGNET,082A23.JPG,23
726,FGNET,014A22.JPG,22
727,FGNET,029A33.JPG,33
728,FGNET,016A16.JPG,16
729,FGNET,069A11.JPG,11
730,FGNET,057A18.JPG,18
731,FGNET,067A17.JPG,17
732,FGNET,032A10.JPG,10
733,FGNET,077A08.JPG,8
734,FGNET,032A15.JPG,15
735,FGNET,022A28.JPG,28
736,FGNET,043A27.JPG,27
737,FGNET,068A14.JPG,14
738,FGNET,046A20.JPG,20
739,FGNET,018A11.JPG,11
740,FGNET,063A33.JPG,33
741,FGNET,076A01.JPG,1
742,FGNET,029A05.JPG,5
743,FGNET,066A08.JPG,8
744,FGNET,030A07.JPG,7
745,FGNET,036A01.JPG,1
746,FGNET,001A28.JPG,28
747,FGNET,074A02.JPG,2
748,FGNET,015A15.JPG,15
749,FGNET,077A03.JPG,3
750,FGNET,034A02.JPG,2
751,FGNET,074A03.JPG,3
752,FGNET,012A25.JPG,25
753,FGNET,053A13.JPG,13
754,FGNET,064A04.JPG,4
755,FGNET,062A41.JPG,41
756,FGNET,076A12.JPG,12
757,FGNET,032A08.JPG,8
758,FGNET,031A00.JPG,0
759,FGNET,056A10.JPG,10
760,FGNET,035A21.JPG,21
761,FGNET,020A30.JPG,30
762,FGNET,066A00.JPG,0
763,FGNET,065A09.JPG,9
764,FGNET,012A36.JPG,36
765,FGNET,045A43.JPG,43
766,FGNET,070A09.JPG,9
767,FGNET,048A16.JPG,16
768,FGNET,057A06.JPG,6
769,FGNET,073A02.JPG,2
770,FGNET,060A07.JPG,7
771,FGNET,078A12.JPG,12
772,FGNET,043A00.JPG,0
773,FGNET,070A07.JPG,7
774,FGNET,007A01.JPG,1
775,FGNET,075A08.JPG,8
776,FGNET,032A40.JPG,40
777,FGNET,013A19.JPG,19
778,FGNET,070A06.JPG,6
779,FGNET,051A12.JPG,12
780,FGNET,062A35.JPG,35
781,FGNET,065A06b.JPG,6
782,FGNET,009A03.JPG,3
783,FGNET,063A09.JPG,9
784,FGNET,022A14.JPG,14
785,FGNET,072A07.JPG,7
786,FGNET,043A05.JPG,5
787,FGNET,022A16.JPG,16
788,FGNET,073A05.JPG,5
789,FGNET,023A07.JPG,7
790,FGNET,073A14.JPG,14
791,FGNET,031A11.JPG,11
792,FGNET,007A23.JPG,23
793,FGNET,012A30.JPG,30
794,FGNET,031A04.JPG,4
795,FGNET,017A15.JPG,15
796,FGNET,011A20.JPG,20
797,FGNET,047A33.JPG,33
798,FGNET,019A15.JPG,15
799,FGNET,012A18.JPG,18
800,FGNET,026A06.JPG,6
801,FGNET,060A11.JPG,11
802,FGNET,079A08.JPG,8
803,FGNET,010A05.JPG,5
804,FGNET,034A11.JPG,11
805,FGNET,074A12.JPG,12
806,FGNET,051A17.JPG,17
807,FGNET,026A02.JPG,2
808,FGNET,038A13.JPG,13
809,FGNET,075A10.JPG,10
810,FGNET,045A19.JPG,19
811,FGNET,026A13.JPG,13
812,FGNET,048A30.JPG,30
813,FGNET,040A03a.JPG,3
814,FGNET,064A19.JPG,19
815,FGNET,040A19.JPG,19
816,FGNET,034A44.JPG,44
817,FGNET,057A17.JPG,17
818,FGNET,047A18.JPG,18
819,FGNET,021A27.JPG,27
820,FGNET,024A19.JPG,19
821,FGNET,054A18.JPG,18
822,FGNET,040A12.JPG,12
823,FGNET,042A04.JPG,4
824,FGNET,061A26.JPG,26
825,FGNET,023A03.JPG,3
826,FGNET,077A01.JPG,1
827,FGNET,032A18.JPG,18
828,FGNET,035A05.JPG,5
829,FGNET,052A19.JPG,19
830,FGNET,054A04.JPG,4
831,FGNET,053A10.JPG,10
832,FGNET,003A47.JPG,47
833,FGNET,003A49.JPG,49
834,FGNET,072A21.JPG,21
835,FGNET,075A07.JPG,7
836,FGNET,006A36.JPG,36
837,FGNET,076A13.JPG,13
838,FGNET,009A16a.JPG,16
839,FGNET,001A05.JPG,5
840,FGNET,045A48.JPG,48
841,FGNET,015A12.JPG,12
842,FGNET,020A16.JPG,16
843,FGNET,061A25.JPG,25
844,FGNET,048A18.JPG,18
845,FGNET,002A07.JPG,7
846,FGNET,042A24.JPG,24
847,FGNET,010A09.JPG,9
848,FGNET,066A04.JPG,4
849,FGNET,004A51.JPG,51
850,FGNET,072A14.JPG,14
851,FGNET,014A36.JPG,36
852,FGNET,059A14.JPG,14
853,FGNET,065A08.JPG,8
854,FGNET,013A25.JPG,25
855,FGNET,011A02.JPG,2
856,FGNET,079A00.JPG,0
857,FGNET,030A00.JPG,0
858,FGNET,019A23.JPG,23
859,FGNET,035A16.JPG,16
860,FGNET,070A01.JPG,1
861,FGNET,001A10.JPG,10
862,FGNET,026A17.JPG,17
863,FGNET,076A04.JPG,4
864,FGNET,074A10.JPG,10
865,FGNET,046A01.JPG,1
866,FGNET,044A15.JPG,15
867,FGNET,078A09.JPG,9
868,FGNET,079A03.JPG,3
869,FGNET,020A36.JPG,36
870,FGNET,039A19.JPG,19
871,FGNET,015A05.JPG,5
872,FGNET,043A04.JPG,4
873,FGNET,056A12.JPG,12
874,FGNET,059A16.JPG,16
875,FGNET,049A07.JPG,7
876,FGNET,053A18.JPG,18
877,FGNET,050A18.JPG,18
878,FGNET,002A18.JPG,18
879,FGNET,054A09.JPG,9
880,FGNET,072A45.JPG,45
881,FGNET,023A21.JPG,21
882,FGNET,057A07.JPG,7
883,FGNET,072A34.JPG,34
884,FGNET,057A16.JPG,16
885,FGNET,008A41.JPG,41
886,FGNET,008A06.JPG,6
887,FGNET,037A08.JPG,8
888,FGNET,025A15.JPG,15
889,FGNET,018A16.JPG,16
890,FGNET,009A01.JPG,1
891,FGNET,077A11.JPG,11
892,FGNET,028A34.JPG,34
893,FGNET,059A06.JPG,6
894,FGNET,031A16.JPG,16
895,FGNET,031A02.JPG,2
896,FGNET,003A51.JPG,51
897,FGNET,074A06.JPG,6
898,FGNET,001A33.JPG,33
899,FGNET,002A03.JPG,3
900,FGNET,018A25.JPG,25
901,FGNET,036A08.JPG,8
902,FGNET,011A15.JPG,15
903,FGNET,025A19.JPG,19
904,FGNET,035A18.JPG,18
905,FGNET,023A18.JPG,18
906,FGNET,076A08.JPG,8
907,FGNET,069A02.JPG,2
908,FGNET,061A18.JPG,18
909,FGNET,005A52.JPG,52
910,FGNET,071A10.JPG,10
911,FGNET,082A27.JPG,27
912,FGNET,055A14.JPG,14
913,FGNET,037A18.JPG,18
914,FGNET,004A40.JPG,40
915,FGNET,010A16.JPG,16
916,FGNET,003A35.JPG,35
917,FGNET,070A02.JPG,2
918,FGNET,031A07.JPG,7
919,FGNET,045A17.JPG,17
920,FGNET,079A05.JPG,5
921,FGNET,008A18.JPG,18
922,FGNET,004A19.JPG,19
923,FGNET,072A25.JPG,25
924,FGNET,036A18.JPG,18
925,FGNET,020A04.JPG,4
926,FGNET,021A06.JPG,6
927,FGNET,069A06.JPG,6
928,FGNET,051A24.JPG,24
929,FGNET,017A12.JPG,12
930,FGNET,051A08.JPG,8
931,FGNET,057A00.JPG,0
932,FGNET,025A22.JPG,22
933,FGNET,039A11.JPG,11
934,FGNET,032A24.JPG,24
935,FGNET,025A07.JPG,7
936,FGNET,042A05.JPG,5
937,FGNET,053A03.JPG,3
938,FGNET,057A12.JPG,12
939,FGNET,078A00.JPG,0
940,FGNET,036A03.JPG,3
941,FGNET,023A25.JPG,25
942,FGNET,057A23.JPG,23
943,FGNET,042A12.JPG,12
944,FGNET,063A08.JPG,8
945,FGNET,079A12.JPG,12
946,FGNET,008A13.JPG,13
947,FGNET,018A29.JPG,29
948,FGNET,052A16.JPG,16
949,FGNET,003A23.JPG,23
950,FGNET,039A02.JPG,2
951,FGNET,027A36.JPG,36
952,FGNET,020A08.JPG,8
953,FGNET,033A25.JPG,25
954,FGNET,018A34.JPG,34
955,FGNET,029A04.JPG,4
956,FGNET,078A07.JPG,7
957,FGNET,003A60.JPG,60
958,FGNET,041A06.JPG,6
959,FGNET,037A19.JPG,19
960,FGNET,017A36.JPG,36
961,FGNET,017A26.JPG,26
962,FGNET,082A21.JPG,21
963,FGNET,012A07.JPG,7
964,FGNET,042A14.JPG,14
965,FGNET,065A07a.JPG,7
966,FGNET,038A05.JPG,5
967,FGNET,062A03.JPG,3
968,FGNET,073A11.JPG,11
969,FGNET,033A35.JPG,35
970,FGNET,061A30.JPG,30
971,FGNET,065A03a.JPG,3
972,FGNET,079A09.JPG,9
973,FGNET,037A02.JPG,2
974,FGNET,008A29.JPG,29
975,FGNET,047A45.JPG,45
976,FGNET,031A06.JPG,6
977,FGNET,047A27.JPG,27
978,FGNET,004A62.JPG,62
979,FGNET,017A17.JPG,17
980,FGNET,029A29.JPG,29
981,FGNET,072A13.JPG,13
982,FGNET,009A09.JPG,9
983,FGNET,040A02.JPG,2
984,FGNET,017A19.JPG,19
985,FGNET,059A07.JPG,7
986,FGNET,052A18.JPG,18
987,FGNET,044A18.JPG,18
988,FGNET,077A13.JPG,13
989,FGNET,012A32.JPG,32
990,FGNET,055A04.JPG,4
991,FGNET,020A20.JPG,20
992,FGNET,044A05.JPG,5
993,FGNET,020A02.JPG,2
994,FGNET,055A12.JPG,12
995,FGNET,053A11.JPG,11
996,FGNET,012A24.JPG,24
997,FGNET,039A35.JPG,35
998,FGNET,013A23.JPG,23
999,FGNET,006A40.JPG,40
1000,FGNET,014A14.JPG,14
1001,FGNET,077A14.JPG,14
